<?xml version="1.0" encoding="UTF-8"?>
<window id="5535">
	<description>Window with tranparent background</description>
	<allowoverlay>no</allowoverlay>
	<backgroundcolor>FF000000</backgroundcolor>
	<defaultcontrol always="false">1001</defaultcontrol>
	<views>5000</views>

	<controls>

		<control type="image">
			<description>Main background image</description>
			<left>0</left>
			<top>0</top>
			<width>1920</width>
			<height>1080</height>
			<texture>background.jpg</texture>
		</control>

		<control type="group">
			<left>160</left>
			<top>200</top>

			<control type="image">
				<description>Main background colour</description>
				<left>0</left>
				<top>0</top>
				<width>1600</width>
				<height>585</height>
				<texture>darker.png</texture>
			</control>

			<control type="image">
				<description>Header background colour</description>
				<left>0</left>
				<top>0</top>
				<width>1600</width>
				<height>100</height>
				<texture>charcoal.png</texture>
			</control>

			<control type="image">
				<description>Footer background colour</description>
				<left>0</left>
				<top>510</top>
				<width>1600</width>
				<height>75</height>
				<texture>charcoal.png</texture>
			</control>

			<!-- Start of status control group -->
			<control type="group" id="3000">
				<visible>true</visible>
				<left>840</left>
				<top>130</top>
				<control type="image" id="3001">
					<description>Language progress background</description>
					<left>0</left>
					<top>0</top>
					<width>740</width>
					<height>50</height>
					<texture>redcoal.png</texture>
				</control>
				<control type="textbox" id="3101">
					<description>Language progress message</description>
					<left>10</left>
					<top>0</top>
					<width>740</width>
					<height>50</height>
					<colordiffuse>FFFFFFFF</colordiffuse>
					<font>font14</font>
					<monofont>mono14</monofont>
					<textcolor>FFFFFFFF</textcolor>
					<label></label>
					<aligny>center</aligny>
				</control>

				<control type="image" id="3002">
					<description>Language progress background</description>
					<left>0</left>
					<top>60</top>
					<width>740</width>
					<height>50</height>
					<texture>redcoal.png</texture>
				</control>
				<control type="textbox" id="3102">
					<description>Hostname progress message</description>
					<left>10</left>
					<top>60</top>
					<width>740</width>
					<height>50</height>
					<colordiffuse>FFFFFFFF</colordiffuse>
					<font>font14</font>
					<monofont>mono14</monofont>
					<textcolor>FFFFFFFF</textcolor>
					<label></label>
					<aligny>center</aligny>
				</control>

				<control type="image" id="3003">
					<description>Services progress background</description>
					<left>0</left>
					<top>120</top>
					<width>740</width>
					<height>50</height>
					<texture>redcoal.png</texture>
				</control>
				<control type="textbox" id="3103">
					<description>Services progress message</description>
					<left>10</left>
					<top>120</top>
					<width>740</width>
					<height>50</height>
					<colordiffuse>FFFFFFFF</colordiffuse>
					<font>font14</font>
					<monofont>mono14</monofont>
					<textcolor>FFFFFFFF</textcolor>
					<label></label>
					<aligny>center</aligny>
				</control>

				<control type="image" id="3004">
					<description>LCNs progress background</description>
					<left>0</left>
					<top>180</top>
					<width>740</width>
					<height>50</height>
					<texture>redcoal.png</texture>
				</control>
				<control type="textbox" id="3104">
					<description>LCNs progress message</description>
					<left>10</left>
					<top>180</top>
					<width>740</width>
					<height>50</height>
					<colordiffuse>FFFFFFFF</colordiffuse>
					<font>font14</font>
					<monofont>mono14</monofont>
					<textcolor>FFFFFFFF</textcolor>
					<label></label>
					<aligny>center</aligny>
				</control>

				<control type="image" id="3005">
					<description>Channels progress background</description>
					<left>0</left>
					<top>240</top>
					<width>740</width>
					<height>50</height>
					<texture>redcoal.png</texture>
				</control>
				<control type="textbox" id="3105">
					<description>Channels progress message</description>
					<left>10</left>
					<top>240</top>
					<width>740</width>
					<height>50</height>
					<colordiffuse>FFFFFFFF</colordiffuse>
					<font>font14</font>
					<monofont>mono14</monofont>
					<textcolor>FFFFFFFF</textcolor>
					<label></label>
					<aligny>center</aligny>
				</control>

				<control type="image" id="3006">
					<description>Rating labels progress background</description>
					<left>0</left>
					<top>300</top>
					<width>740</width>
					<height>50</height>
					<texture>redcoal.png</texture>
				</control>
				<control type="textbox" id="3106">
					<description>Rating labels progress message</description>
					<left>10</left>
					<top>300</top>
					<width>740</width>
					<height>50</height>
					<colordiffuse>FFFFFFFF</colordiffuse>
					<font>font14</font>
					<monofont>mono14</monofont>
					<textcolor>FFFFFFFF</textcolor>
					<label></label>
					<aligny>center</aligny>
				</control>

			<!-- End of status control group -->
			</control>

			<control type="image" id="51">
				<visible>true</visible>
				<description>Listbox background colour</description>
				<left>840</left>
				<top>130</top>
				<width>740</width>
				<height>350</height>
				<texture>charcoal.png</texture>
			</control>

			<control type="image" id="901">
				<description>Language field background</description>
				<left>20</left>
				<top>130</top>
				<width>800</width>
				<height>50</height>
				<texture>greencoal.png</texture>
			</control>
			<control type="button" id="1001">
				<description>Selected language button</description>
				<left>20</left>
				<top>130</top>
				<width>800</width>
				<height>50</height>
				<visible>true</visible>
				<colordiffuse>FFFFFFFF</colordiffuse>
				<texturefocus colordiffuse="FFFFFFFF">aqua.png</texturefocus>
				<texturenofocus colordiffuse="00FFFFFF">charcoal.png</texturenofocus>
				<font>font14</font>
				<textcolor>FFFFFFFF</textcolor>
				<focusedcolor>FFFFFFFF</focusedcolor>
				<disabledcolor>80FFFFFF</disabledcolor>
				<invalidcolor>FFFFFFFF</invalidcolor>
				<align>left</align>
				<aligny>center</aligny>
				<onup>4001</onup>
				<ondown>1002</ondown>
				<onleft>4002</onleft>
				<onright>50</onright>
			</control>
			<control type="textbox" id="2001">
				<description>Selected language field</description>
				<left>30</left>
				<top>130</top>
				<width>790</width>
				<height>50</height>
				<visible>true</visible>
				<colordiffuse>FFFFFFFF</colordiffuse>
				<font>font14</font>
				<monofont>mono14</monofont>
				<textcolor>FFFFFFFF</textcolor>
				<aligny>center</aligny>
			</control>


			<control type="image" id="902">
				<description>Server name field background</description>
				<left>20</left>
				<top>190</top>
				<width>800</width>
				<height>50</height>
				<texture>greencoal.png</texture>
			</control>
			<control type="button" id="1002">
				<description>Server name button</description>
				<left>20</left>
				<top>190</top>
				<width>800</width>
				<height>50</height>
				<visible>true</visible>
				<colordiffuse>FFFFFFFF</colordiffuse>
				<texturefocus colordiffuse="FFFFFFFF">aqua.png</texturefocus>
				<texturenofocus colordiffuse="00FFFFFF">charcoal.png</texturenofocus>
				<font>font14</font>
				<textcolor>FFFFFFFF</textcolor>
				<focusedcolor>FFFFFFFF</focusedcolor>
				<disabledcolor>80FFFFFF</disabledcolor>
				<invalidcolor>FFFFFFFF</invalidcolor>
				<align>left</align>
				<aligny>center</aligny>
				<onup>1001</onup>
				<ondown>1003</ondown>
				<onleft>4002</onleft>
				<onright>50</onright>
			</control>
			<control type="textbox" id="2002">
				<description>Server name field</description>
				<left>30</left>
				<top>190</top>
				<width>790</width>
				<height>50</height>
				<visible>true</visible>
				<colordiffuse>FFFFFFFF</colordiffuse>
				<font>font14</font>
				<monofont>mono14</monofont>
				<textcolor>FFFFFFFF</textcolor>
				<aligny>center</aligny>
			</control>


			<control type="image" id="903">
				<description>Tuner type field background</description>
				<left>20</left>
				<top>250</top>
				<width>800</width>
				<height>50</height>
				<texture>redcoal.png</texture>
			</control>
			<control type="button" id="1003">
				<description>Selected language button</description>
				<left>20</left>
				<top>250</top>
				<width>800</width>
				<height>50</height>
				<visible>true</visible>
				<colordiffuse>FFFFFFFF</colordiffuse>
				<texturefocus colordiffuse="FFFFFFFF">aqua.png</texturefocus>
				<texturenofocus colordiffuse="00FFFFFF">charcoal.png</texturenofocus>
				<font>font14</font>
				<textcolor>FFFFFFFF</textcolor>
				<focusedcolor>FFFFFFFF</focusedcolor>
				<disabledcolor>80FFFFFF</disabledcolor>
				<invalidcolor>FFFFFFFF</invalidcolor>
				<align>left</align>
				<aligny>center</aligny>
				<onup>1002</onup>
				<ondown>1004</ondown>
				<onleft>4002</onleft>
				<onright>50</onright>
			</control>
			<control type="textbox" id="2003">
				<description>Tuner type field</description>
				<left>30</left>
				<top>250</top>
				<width>790</width>
				<height>50</height>
				<visible>true</visible>
				<colordiffuse>FFFFFFFF</colordiffuse>
				<font>font14</font>
				<monofont>mono14</monofont>
				<textcolor>FFFFFFFF</textcolor>
				<aligny>center</aligny>
			</control>


			<control type="image" id="904">
				<description>Country field background</description>
				<left>20</left>
				<top>310</top>
				<width>800</width>
				<height>50</height>
				<texture>redcoal.png</texture>
			</control>
			<control type="button" id="1004">
				<description>Country field button</description>
				<left>20</left>
				<top>310</top>
				<width>800</width>
				<height>50</height>
				<visible>true</visible>
				<colordiffuse>FFFFFFFF</colordiffuse>
				<texturefocus colordiffuse="FFFFFFFF">aqua.png</texturefocus>
				<texturenofocus colordiffuse="00FFFFFF">charcoal.png</texturenofocus>
				<font>font14</font>
				<textcolor>FFFFFFFF</textcolor>
				<focusedcolor>FFFFFFFF</focusedcolor>
				<disabledcolor>80FFFFFF</disabledcolor>
				<invalidcolor>FFFFFFFF</invalidcolor>
				<align>left</align>
				<aligny>center</aligny>
				<onup>1003</onup>
				<ondown>1005</ondown>
				<onleft>4002</onleft>
				<onright>50</onright>
			</control>
			<control type="textbox" id="2004">
				<description>Country field</description>
				<left>30</left>
				<top>310</top>
				<width>790</width>
				<height>50</height>
				<visible>true</visible>
				<colordiffuse>FFFFFFFF</colordiffuse>
				<font>font14</font>
				<monofont>mono14</monofont>
				<textcolor>FFFFFFFF</textcolor>
				<aligny>center</aligny>
			</control>


			<control type="image" id="905">
				<description>Region field background</description>
				<left>20</left>
				<top>370</top>
				<width>800</width>
				<height>50</height>
				<texture>redcoal.png</texture>
			</control>
			<control type="button" id="1005">
				<description>Region field button</description>
				<left>20</left>
				<top>370</top>
				<width>800</width>
				<height>50</height>
				<visible>true</visible>
				<colordiffuse>FFFFFFFF</colordiffuse>
				<texturefocus colordiffuse="FFFFFFFF">aqua.png</texturefocus>
				<texturenofocus colordiffuse="00FFFFFF">charcoal.png</texturenofocus>
				<font>font14</font>
				<textcolor>FFFFFFFF</textcolor>
				<focusedcolor>FFFFFFFF</focusedcolor>
				<disabledcolor>80FFFFFF</disabledcolor>
				<invalidcolor>FFFFFFFF</invalidcolor>
				<align>left</align>
				<aligny>center</aligny>
				<onup>1004</onup>
				<ondown>1006</ondown>
				<onleft>4002</onleft>
				<onright>50</onright>
			</control>
			<control type="textbox" id="2005">
				<description>Region field</description>
				<left>30</left>
				<top>370</top>
				<width>790</width>
				<height>50</height>
				<visible>true</visible>
				<colordiffuse>FFFFFFFF</colordiffuse>
				<font>font14</font>
				<monofont>mono14</monofont>
				<textcolor>FFFFFFFF</textcolor>
				<aligny>center</aligny>
				<autoscroll delay="2000" time="1000" repeat="5000">true</autoscroll>
			</control>


			<control type="image" id="906">
				<description>Parental rating field background</description>
				<left>20</left>
				<top>430</top>
				<width>800</width>
				<height>50</height>
				<texture>redcoal.png</texture>
			</control>
			<control type="button" id="1006">
				<description>Parental rating field button</description>
				<left>20</left>
				<top>430</top>
				<width>800</width>
				<height>50</height>
				<visible>true</visible>
				<colordiffuse>FFFFFFFF</colordiffuse>
				<texturefocus colordiffuse="FFFFFFFF">aqua.png</texturefocus>
				<texturenofocus colordiffuse="00FFFFFF">charcoal.png</texturenofocus>
				<font>font14</font>
				<textcolor>FFFFFFFF</textcolor>
				<focusedcolor>FFFFFFFF</focusedcolor>
				<disabledcolor>80FFFFFF</disabledcolor>
				<invalidcolor>FFFFFFFF</invalidcolor>
				<align>left</align>
				<aligny>center</aligny>
				<onup>1005</onup>
				<ondown>4001</ondown>
				<onleft>4002</onleft>
				<onright>50</onright>
			</control>
			<control type="textbox" id="2006">
				<description>Parental rating field</description>
				<left>30</left>
				<top>430</top>
				<width>790</width>
				<height>50</height>
				<visible>true</visible>
				<colordiffuse>FFFFFFFF</colordiffuse>
				<font>font14</font>
				<monofont>mono14</monofont>
				<textcolor>FFFFFFFF</textcolor>
				<aligny>center</aligny>
			</control>

			<control type="button" id="4001">
				<description>Next button</description>
				<left>30</left>
				<top>522</top>
				<width>350</width>
				<height>50</height>
				<visible>true</visible>
				<colordiffuse>FFFFFFFF</colordiffuse>
				<texturefocus colordiffuse="FFFFFFFF">aqua.png</texturefocus>
				<texturenofocus colordiffuse="FFFFFFFF">darker.png</texturenofocus>
				<font>font14</font>
				<textcolor>FFFFFFFF</textcolor>
				<focusedcolor>FFFFFFFF</focusedcolor>
				<disabledcolor>80FFFFFF</disabledcolor>
				<invalidcolor>FFFFFFFF</invalidcolor>
				<align>center</align>
				<aligny>center</aligny>
				<onup>1006</onup>
				<ondown>1001</ondown>
				<onleft>4002</onleft>
				<onright>4002</onright>
			</control>

			<control type="button" id="4002">
				<description>Back button</description>
				<left>1220</left>
				<top>522</top>
				<width>350</width>
				<height>50</height>
				<visible>true</visible>
				<colordiffuse>FFFFFFFF</colordiffuse>
				<texturefocus colordiffuse="FFFFFFFF">aqua.png</texturefocus>
				<texturenofocus colordiffuse="FFFFFFFF">darker.png</texturenofocus>
				<font>font14</font>
				<textcolor>FFFFFFFF</textcolor>
				<focusedcolor>FFFFFFFF</focusedcolor>
				<disabledcolor>80FFFFFF</disabledcolor>
				<invalidcolor>FFFFFFFF</invalidcolor>
				<align>center</align>
				<aligny>center</aligny>
				<onup>1006</onup>
				<ondown>1003</ondown>
				<onleft>4001</onleft>
				<onright>4001</onright>
			</control>

			<control type="textbox" id="100">
				<description>Main heading</description>
				<left>0</left>
				<top>0</top>
				<width>1600</width>
				<height>95</height>
				<visible>true</visible>
				<colordiffuse>FFFFFFFF</colordiffuse>
				<font>font52_title</font>
				<monofont>mono14</monofont>
				<textcolor>FFFFFFFF</textcolor>
				<align>center</align>
			</control>
			<control type="textbox" id="101">
				<description>URL for manual setup</description>
				<left>0</left>
				<top>60</top>
				<width>1600</width>
				<height>95</height>
				<visible>true</visible>
				<colordiffuse>FFFFFFFF</colordiffuse>
				<font>font25_title</font>
				<monofont>mono14</monofont>
				<textcolor>FF888888</textcolor>
				<label>[B]http://123.123.123.123:9981[/B]</label>
				<align>center</align>
			</control>

			<control type="list" id="50">
				<description>Main listbox for option selection</description>
				<visible>true</visible>

				<left>860</left>
				<top>130</top>
				<width>740</width>
				<height>340</height>

				<viewtype label="535">list</viewtype>
				<itemlayout height="40" width="500">
					<control type="label">
						<left>10</left>
						<top>10</top>
						<height>40</height>
						<width>700</width>
						<font>font32</font>
						<aligny>center</aligny>
						<label>$INFO[ListItem.Label]</label>
					</control>
				</itemlayout>
				<focusedlayout height="40" width="500">
					<control type="image">
						<left>10</left>
						<top>10</top>
						<width>700</width>
						<height>40</height>
						<texture>aqua.png</texture>
					</control>
					<control type="label">
						<left>10</left>
						<top>10</top>
						<height>40</height>
						<width>700</width>
						<font>font32</font>
						<aligny>center</aligny>
						<label>$INFO[ListItem.Label]</label>
						<textcolor>black</textcolor>
					</control>
				</focusedlayout>
			</control>

		</control>

	</controls>
</window>
