<?xml version="1.0" encoding="UTF-8" standalone="yes"?>
<addon id="script.quicktvh" name="TVHeadEnd PVR Quick Start" version="0.0.6" provider-name="DeltaMikeCharlie">
	<requires>
		<import addon="xbmc.python" version="3.0.0"/>
		<!-- <import addon="pvr.hts" version="20.0.0.0"/> -->
		<!-- <import addon="service.tvheadend42" version="11.0.0.0"/> -->
	</requires>
	<extension point="xbmc.python.script" library="default.py">
		<provides>executable</provides>
	</extension>
	<extension point="xbmc.addon.metadata">
		<summary lang="en_GB">TVHeadEnd PVR Quick Start</summary>
		<summary lang="de_DE">TVHeadEnd PVR-Schnellstart</summary>
		<summary lang="fr_FR">Démarrage rapide TVHeadEnd PVR</summary>
		<summary lang="es_ES">Inicio rápido de TVHeadEnd PVR</summary>
		<summary lang="cs_CZ">TVHeadEnd PVR Rychlý start</summary>
		<description lang="en_GB">Quickly configure a simple PVR using TVHeadEnd.</description>
		<description lang="de_DE">Konfigurieren Sie mit TVHeadEnd schnell einen einfachen persönlichen Videorecorder.</description>
		<description lang="fr_FR">Configurer rapidement un simple enregistreur vidéo personnel à l'aide de TVHeadEnd.</description>
		<description lang="es_ES">Configure rápidamente una grabadora de vídeo personal sencilla utilizando TVHeadEnd.</description>
		<description lang="cs_CZ">Rychle nakonfigurujte jednoduchý osobní videorekordér pomocí TVHeadEnd.</description>
		<platform>all</platform>
		<news>v0.0.6 (2024-03-25) - Add translations for FR, ES and CS.
- TEMPORARY - Add configuration dump at startup for debugging.
		v0.0.5 (2024-03-13) - Release for public testing.
		v0.0.4 (2024-01-27) - Fix issue with non-UTF characters in service names.
- Enhance logging.
- Reduce image sizes.
v0.0.3 (2024-01-22) - Fix LCN status completion.
v0.0.2 (2024-01-16) - Initial test release.
v0.0.1 (2024-01-01) - Initial development version.
		</news>
		<assets>
			<icon>resources/icon.png</icon>
		</assets>
	</extension>
</addon>
